Salary,Education,NrSupervise,Nr Position,Responsibilty%,Number Children,Age,YearsExperience
39611,3,6,5,83,1,46,16
30921,1,2,1,67,1,19,1
18986,3,16,2,6,0,25,6
29422,5,5,4,47,4,37,13
23594,4,23,2,11,1,30,10
31000,1,1,2,73,1,27,5
62051,4,63,1,54,1,62,43
10134,0,4,3,2,1,29,5
22842,1,1,2,45,1,29,2
43064,3,33,7,66,1,43,19
28324,2,8,1,40,1,52,10
20656,1,0,1,38,1,20,1
37061,3,7,2,77,0,32,2
16165,3,8,20,30,1,59,28
22011,0,0,1,43,0,20,1
42440,6,2,1,90,0,26,2
34643,1,63,3,17,0,41,13
34653,5,0,1,72,3,53,0
30266,1,0,1,69,1,19,0
12287,0,0,2,16,5,20,1
29813,0,16,3,49,1,32,11
18319,6,1,2,15,3,25,2
80060,5,127,10,90,0,55,26
49807,0,27,4,99,2,42,21
27405,5,11,10,43,7,42,17
50849,2,67,6,64,5,48,15
13871,2,2,7,13,2,43,12
37513,0,1,6,74,3,50,31
41105,1,10,2,85,3,45,13
22212,0,7,2,26,3,40,16
13560,3,0,1,7,4,34,1
36439,4,2,6,82,1,46,15
28940,1,0,2,65,2,31,5
19977,0,0,2,38,1,45,2
34566,0,0,1,83,0,35,2
22550,0,20,2,16,2,32,12
9609,2,4,10,1,2,50,16
20521,3,5,3,27,2,29,6
21941,0,1,1,42,0,26,3
13772,3,0,3,12,2,31,3
32638,1,33,4,42,0,33,12
50929,2,52,15,83,0,63,43
18071,2,3,7,26,1,41,12
56271,1,136,5,6,3,38,20
55097,0,110,4,22,2,60,31
14860,1,8,18,30,5,58,24
28524,5,9,1,15,1,60,29
17718,0,1,6,19,0,45,24
32741,1,21,2,51,6,58,11
52964,2,69,2,60,2,49,20
36654,0,3,3,93,3,29,4
28580,3,0,9,60,2,50,22
24237,1,0,2,49,5,24,4
19312,0,0,1,39,6,20,0
19869,1,1,2,18,0,47,19
18134,4,2,1,6,4,38,13
24242,0,4,2,46,0,27,6
21869,1,30,3,6,4,34,10
42198,4,87,19,42,0,42,22
23127,2,2,1,35,1,25,5
40294,6,0,1,81,2,32,9
35708,6,0,2,44,2,50,30
23095,2,18,2,24,3,45,4
13427,1,0,1,15,1,19,0
31137,5,11,1,47,7,25,3
12596,2,0,1,8,1,19,0
10446,0,0,1,5,0,30,2
18462,1,33,6,2,1,32,10
23296,1,2,14,55,3,60,25
41474,2,5,1,96,1,38,6
41872,2,16,1,68,2,46,24
25663,1,2,1,51,1,35,1
28567,2,4,3,23,3,62,39
32781,1,0,1,77,1,21,0
32605,1,0,2,73,0,49,7
12808,0,3,13,13,0,58,30
8683,0,5,10,1,2,54,18
28839,1,1,1,63,1,20,1
24946,3,0,8,49,4,60,14
29960,2,0,3,63,2,32,5
14610,1,3,2,10,2,47,7
35229,0,19,7,72,3,61,16
20265,0,0,1,36,0,62,2
35190,4,0,1,79,3,24,2
21077,0,0,1,42,3,23,1
27445,4,1,1,49,0,34,4
34826,0,1,1,82,1,31,1
12482,3,0,5,7,0,28,9
40082,2,9,2,91,1,59,2
12579,1,1,1,9,1,29,1
47708,2,30,1,87,0,29,5
41725,6,1,2,90,1,26,6
29373,0,17,8,60,1,41,12
46529,2,17,2,98,0,44,8
15809,1,4,2,13,3,29,7
75323,2,96,1,93,2,43,24
30379,4,2,3,51,4,37,10
22180,2,7,13,34,0,49,28
19581,3,9,2,18,3,45,3
34710,1,0,2,85,4,55,1
33619,2,4,2,72,2,30,3
33230,1,53,1,21,4,26,8
41126,0,13,2,65,2,62,36
28923,3,15,1,36,3,56,6
40841,3,0,6,76,1,56,33
29188,0,20,2,47,2,26,5
19165,2,0,1,30,1,19,0
38816,2,1,2,92,0,54,2
21346,4,0,2,23,0,49,12
20878,2,7,2,24,6,43,8
36114,4,0,3,78,0,39,5
11723,0,9,4,1,5,35,9
21877,0,2,1,39,6,33,4
56436,0,56,3,95,2,31,12
37972,4,5,1,84,0,44,2
34077,7,10,14,70,1,51,22
14187,0,0,1,19,4,34,0
13840,0,4,5,11,3,41,13
9343,6,0,23,20,2,52,23
41764,3,5,4,58,1,62,43
19498,0,0,15,51,4,57,21
23127,1,3,1,31,0,41,10
30500,4,0,2,59,0,36,3
9759,0,5,7,3,2,42,12
34545,6,1,3,67,4,48,4
29348,1,0,1,66,1,65,0
42556,4,8,1,89,0,36,5
13815,3,1,5,2,2,37,17
22811,1,6,1,32,5,30,5
35840,0,0,2,88,3,35,4
16687,1,0,1,23,3,22,1
18488,0,8,14,30,1,51,29
50607,0,45,16,97,0,60,40
24138,1,0,2,44,4,29,7
19744,1,0,6,41,0,40,7
32078,2,0,10,76,5,50,22
19478,6,3,12,24,1,62,19
15389,4,0,1,10,7,38,1
27026,1,2,1,50,5,56,7
27634,0,7,2,60,1,20,2
27068,4,0,1,48,5,19,0
50912,0,42,9,85,3,62,32
18044,6,9,3,1,2,31,11
25345,2,5,1,36,7,39,12
36933,5,0,1,78,0,44,2
38950,4,73,1,4,0,37,18
35704,0,2,7,97,1,56,10
26361,0,10,8,52,0,56,14
31416,7,2,9,49,0,54,28
18622,3,1,2,24,4,52,3
53247,0,71,2,71,0,53,17
26434,3,2,4,52,2,35,6
22580,0,6,2,36,1,29,9
26405,3,12,3,13,1,63,30
31607,1,4,1,68,0,20,1
53354,1,56,1,68,2,49,28
26410,0,3,10,69,0,33,12
37535,4,4,2,77,2,22,4
34366,2,13,3,59,0,29,11
14195,3,0,1,10,4,24,1
17844,0,8,8,33,3,54,9
9795,2,0,2,1,2,24,1
28113,0,67,26,26,1,62,41
36494,0,17,4,61,3,49,24
36243,1,0,1,90,2,23,4
37350,1,57,2,28,2,34,15
48889,3,16,1,88,5,56,23
78066,5,151,7,43,7,64,44
30752,1,2,3,64,1,64,8
40389,2,6,2,77,0,55,19
38045,1,2,6,94,0,34,15
45609,5,9,2,93,3,64,6
27152,2,16,17,57,4,52,26
32591,0,14,6,71,3,41,6
35517,0,2,4,88,1,47,9
53445,6,92,3,14,1,46,24
19916,0,0,2,32,0,37,9
25761,0,0,5,55,6,60,11
15965,2,1,2,20,4,25,1
29544,2,2,18,80,0,51,29
44532,0,34,11,96,0,62,22
15925,4,2,20,27,1,56,35
21820,1,4,2,25,4,47,15
24749,6,10,3,28,0,33,3
24955,1,1,5,52,0,59,6
34878,0,5,3,74,1,44,12
42965,0,76,13,39,2,54,31
35891,2,21,3,49,3,56,20
38003,1,3,3,94,4,29,6
49605,1,35,2,98,0,29,7
46939,0,29,2,94,2,40,14
31009,4,19,2,43,3,34,8
42073,2,7,2,64,0,58,33
22755,3,16,6,23,0,56,11
36535,2,2,2,85,1,25,1
27316,7,0,19,61,1,57,25
18542,1,3,1,24,1,24,3
12593,1,0,2,11,5,35,3
43207,0,2,2,93,1,60,22
24759,2,0,1,49,1,19,0
10780,0,0,1,7,1,36,1
22913,0,2,4,49,1,48,5
26164,2,2,2,44,2,47,11
17932,1,1,1,12,6,61,13
37042,1,10,6,83,3,44,17
26526,4,1,2,42,1,25,6
31119,2,1,3,38,5,55,37
27556,2,11,1,45,0,21,3
39398,4,0,3,78,5,57,17
70865,0,133,1,37,1,57,39
21903,1,7,2,37,2,21,3
36806,0,0,1,94,2,40,5
12348,2,2,10,18,2,43,11
52323,1,77,18,84,1,53,27
16495,0,0,1,23,7,24,5
35570,2,4,6,68,6,50,26
31136,2,4,2,60,1,33,5
14321,5,0,1,5,1,18,0
45020,5,16,5,89,7,63,13
54682,4,48,1,82,0,27,9
17888,6,8,7,6,1,37,16
13258,0,2,1,13,0,23,2
21258,0,1,2,25,0,56,20
40419,2,31,3,70,0,27,8
29864,2,4,12,77,3,45,17
19445,0,8,10,24,0,56,28
20920,3,18,2,2,0,61,13
38788,3,1,5,90,2,41,15
35680,3,0,1,86,1,23,1
33557,1,14,5,54,6,53,20
28955,3,2,1,48,2,58,11
30347,2,1,2,67,4,40,3
51847,7,98,9,34,5,59,18
22026,2,1,2,39,0,25,3
29018,1,5,2,56,4,36,4
26236,1,0,8,59,6,38,13
42121,0,10,2,86,2,41,21
41154,0,10,3,99,2,28,4
37625,0,0,8,98,4,56,13
32935,0,20,2,36,5,48,28
16870,0,0,1,26,4,53,0
10632,0,1,1,0,2,54,5
41380,6,2,1,82,2,42,10
37737,2,1,1,90,0,64,1
19056,1,5,2,27,0,39,4
105829,1,217,5,85,0,61,34
15753,0,0,1,3,2,55,21
30794,1,1,22,96,2,65,32
18018,2,13,2,13,1,22,3
13988,0,0,1,20,2,22,0
12746,0,6,3,12,2,23,3
17987,1,0,2,28,3,39,2
24781,0,25,3,25,0,40,10
24565,1,1,2,50,3,32,4
27911,4,0,3,51,3,54,5
14039,0,3,2,3,2,60,14
44090,1,13,7,87,1,51,29
31243,2,1,4,65,3,36,9
30422,0,3,1,69,7,37,3
21389,1,5,4,33,1,28,9
12443,0,0,3,11,0,36,7
32128,1,0,1,78,1,24,0
23076,1,1,1,42,3,20,2
20024,4,1,3,22,1,51,7
13889,1,11,5,10,3,36,5
16492,0,9,11,26,1,40,18
32556,1,7,2,46,0,63,30
42027,0,6,1,99,3,33,5
17369,4,0,7,24,0,40,10
48659,1,37,4,88,1,54,8
15053,5,1,2,7,3,30,3
32431,2,1,1,70,2,56,1
20087,3,1,1,30,4,30,1
45302,4,13,14,97,0,57,32
50486,2,46,5,69,0,61,32
22824,1,9,5,35,2,32,13
35417,2,13,6,68,6,43,15
31692,2,11,1,53,1,29,8
25982,5,4,6,47,1,45,6
38431,1,1,4,79,2,40,21
23268,1,8,4,25,1,62,22
21976,0,16,20,44,2,57,36
38117,2,0,3,91,5,30,11
37890,3,27,2,46,5,36,17
29597,5,28,1,9,0,40,20
55833,1,50,3,88,4,42,24
37109,3,2,3,77,2,37,10
12845,2,1,2,3,1,28,8
13487,3,0,1,6,1,40,2
14215,1,0,1,16,1,40,0
21010,1,6,2,31,0,37,3
32257,4,0,2,66,4,30,6
50045,3,52,2,48,5,49,30
42578,2,5,3,86,0,42,20
46038,6,3,1,96,2,22,3
34689,6,0,1,66,4,26,0
40329,0,6,5,90,2,49,20
18027,1,2,5,27,2,39,11
19540,0,0,1,34,4,20,2
15790,0,7,3,18,2,38,6
31039,0,0,4,76,3,62,6
39219,0,60,4,30,1,58,23
23071,1,11,3,10,1,54,29
18011,5,1,7,22,2,62,8
22774,6,1,1,19,3,50,7
33190,0,17,6,62,6,34,14
35968,5,6,6,79,1,48,9
33029,4,0,2,72,4,29,2
15944,1,6,3,10,1,46,11
22266,1,9,8,44,1,31,9
18193,0,2,5,8,0,58,32
26769,0,0,2,43,0,48,21
72658,3,116,4,75,2,62,22
21776,1,35,5,10,1,45,8
33968,2,3,1,74,3,20,1
40402,0,1,2,73,0,59,37
11213,0,3,2,5,1,24,4
33652,0,57,5,10,5,60,31
18789,0,1,20,53,2,55,32
12562,0,0,1,13,1,19,1
45176,2,9,1,95,3,59,15
32547,2,0,2,75,0,31,5
15099,6,0,1,5,4,20,1
34152,1,0,1,66,3,54,20
42712,2,1,1,97,4,31,5
29332,1,11,8,64,0,46,13
58088,1,108,3,37,4,41,19
36958,1,19,2,58,3,54,13
39955,1,14,2,75,0,57,13
13877,1,7,2,8,1,56,2
22380,2,3,5,38,0,59,11
36987,1,0,1,94,1,28,1
35160,3,0,6,89,7,28,9
41419,0,35,2,55,0,51,24
15644,0,1,2,25,5,35,2
26260,0,2,1,57,6,21,1
27839,1,0,3,54,1,35,14
18531,0,1,1,30,2,36,3
28611,2,2,3,61,0,56,6
34477,2,11,9,84,0,36,11
37195,1,0,1,91,4,19,1
23852,6,1,3,35,0,52,3
47554,2,42,12,82,3,53,30
38738,1,1,4,93,3,65,14
30012,3,27,12,49,1,45,14
30369,0,1,4,67,0,38,12
29649,0,5,2,55,4,59,11
32413,1,2,3,71,0,48,11
34910,1,0,1,84,0,26,2
35415,1,0,1,87,3,32,1
28245,0,0,1,69,1,18,0
25099,0,2,1,55,0,24,2
13242,0,3,1,12,0,46,1
18707,6,8,14,3,3,62,38
12864,0,2,6,2,0,47,23
19212,5,5,1,16,0,22,2
27243,4,0,2,43,1,50,7
60478,0,118,10,61,5,39,18
34137,1,7,5,67,2,55,16
35767,2,0,1,73,0,34,10
12576,6,0,15,7,2,46,26
16361,1,9,1,10,5,43,4
26921,1,1,3,61,1,29,5
22514,2,2,4,32,2,40,15
19104,2,1,3,32,3,21,3
15463,0,16,17,24,1,64,25
45663,7,0,1,98,2,23,0
29957,0,0,3,65,1,32,10
31232,1,0,1,71,4,30,0
14069,0,2,1,12,1,35,4
41846,0,57,6,26,1,62,41
42360,1,80,2,19,0,42,13
25367,6,0,6,39,2,51,10
41003,4,9,3,87,0,22,3
36117,1,0,4,87,1,43,8
19202,0,1,1,34,1,26,3
19736,2,2,19,38,3,59,38
78127,6,183,2,8,3,58,25
42325,0,19,3,95,3,23,5
26523,0,2,4,61,2,47,6
12047,0,6,14,23,2,55,17
36912,7,5,2,48,3,52,26
44585,2,52,23,96,5,62,29
48234,2,21,4,94,0,63,17
19782,6,1,2,16,3,28,7
16436,2,0,1,14,5,30,7
33735,0,0,1,80,1,29,3
37672,0,47,2,28,5,54,24
28194,4,0,2,55,0,52,4
14092,1,2,1,10,0,41,4
44203,2,16,9,95,3,60,25
40063,1,37,4,41,0,59,35
42242,4,1,1,98,0,57,1
15456,4,0,1,10,5,20,2
27965,4,3,3,38,5,44,14
34366,1,0,3,70,1,61,16
36998,0,32,5,52,3,42,19
18481,2,1,1,25,4,32,2
32784,0,1,1,80,4,23,2
20749,0,0,4,46,0,33,5
17254,1,0,2,26,0,61,2
16983,2,0,9,27,2,41,16
11968,2,0,1,3,2,41,2
17080,0,1,3,13,1,61,20
43439,0,51,10,71,3,51,24
31765,0,1,1,77,4,24,1
37566,0,1,1,79,2,56,14
29964,0,0,1,68,2,31,4
37999,0,2,2,92,0,23,5
31873,3,6,2,66,5,24,4
36921,0,0,3,96,0,51,5
25486,1,4,2,50,1,32,3
48175,0,74,1,34,1,59,22
36923,4,4,2,81,1,19,1
20190,1,0,7,20,2,49,30
58094,0,65,9,84,5,61,33
15669,1,0,2,24,1,33,1
30998,2,0,1,70,2,31,0
16232,1,0,1,23,2,23,0
40929,3,0,1,97,0,23,1
30843,1,5,5,52,0,41,23
15906,3,6,8,18,0,59,10
30156,2,3,3,53,3,38,13
37060,2,5,1,74,0,28,8
24689,8,0,2,26,1,53,7
24167,0,3,1,49,1,21,1
32940,0,2,2,57,1,58,23
46702,2,48,2,59,0,41,17
21627,1,0,2,44,0,20,2
17916,0,0,1,32,4,21,1
38464,5,11,3,41,5,55,35
43132,3,9,1,94,6,34,5
37655,4,40,5,41,1,52,10
72479,1,153,4,52,0,54,19
22151,0,17,3,30,1,31,4
38828,0,18,1,70,2,48,8
26034,2,1,1,48,2,53,3
9905,0,2,2,5,2,21,1
38098,4,3,3,84,0,39,4
15152,2,0,1,17,0,46,0
39744,1,18,1,71,0,52,10
10920,1,3,1,2,4,31,1
38718,1,1,1,94,1,43,6
31764,0,3,2,76,4,41,5
11698,0,0,1,11,0,25,0
31728,3,0,2,65,6,48,2
10664,1,1,9,10,0,46,14
32695,4,1,2,64,4,28,5
28391,1,7,18,75,3,55,26
23632,1,0,1,29,3,38,20
16463,4,0,7,14,0,53,16
16152,2,3,1,14,0,48,2
23088,2,4,11,40,1,47,26
13097,5,0,1,0,0,26,1
40366,2,3,2,99,0,22,4
55309,0,47,3,96,2,31,13
35148,1,4,6,77,1,62,19
18111,2,9,14,14,2,60,36
47196,4,15,1,96,3,60,11
35140,0,1,5,86,0,45,9
13118,0,5,2,10,1,44,3
14235,0,3,3,17,4,38,5
27008,2,3,1,49,3,25,2
38649,7,1,1,76,4,26,2
36960,5,0,2,73,4,28,8
79234,4,183,19,48,1,61,35
28547,2,3,4,50,3,63,17
12091,0,6,8,11,0,41,13
39503,1,2,2,96,0,40,4
38471,0,36,1,34,2,56,34
32511,0,0,1,83,2,28,1
15707,2,12,5,10,2,36,6
22070,0,0,1,45,1,19,1
28742,1,9,2,43,0,39,12
35423,5,15,2,61,2,63,4
28295,0,18,2,44,4,43,10
20456,2,22,3,6,0,30,10
40661,3,80,6,13,1,48,22
12139,1,13,7,7,0,33,6
36326,6,35,12,33,2,53,33
30001,2,0,1,63,0,22,1
21259,1,3,2,37,3,33,1
22601,5,0,4,28,1,41,14
18462,0,1,6,29,2,43,15
9318,0,0,3,2,0,65,5
31154,0,18,6,57,1,46,17
12200,2,1,2,1,1,61,6
29593,2,0,7,68,2,59,10
36736,2,10,3,77,0,54,9
39845,0,11,2,90,1,28,7
28671,3,0,4,59,0,38,7
16448,0,0,1,23,3,25,3
34446,1,1,16,97,1,58,27
46990,0,73,1,44,3,36,17
37365,5,13,4,62,4,54,9
41871,2,16,1,81,4,50,13
27236,3,2,1,44,3,31,7
11738,1,12,20,10,1,61,35
34638,0,14,1,70,2,37,4
48483,0,3,3,90,6,64,45
16196,3,10,6,5,4,47,14
79876,2,178,4,36,0,55,30
23498,1,2,2,37,2,31,11
38352,2,1,1,91,1,38,2
44175,4,22,5,82,0,40,19
22639,1,0,1,42,2,19,1
77742,0,124,1,78,0,63,36
9497,1,1,8,9,2,42,9
26836,1,5,9,47,2,47,27
35768,2,6,2,79,1,31,2
41547,3,4,3,79,1,61,22
19740,1,1,8,32,2,52,18
28335,2,32,4,27,4,32,7
29043,6,17,2,32,4,47,6
19289,5,2,6,28,1,58,5
32403,1,0,1,78,1,19,0
21043,0,0,1,35,1,28,7
19765,3,0,1,20,2,39,8
32259,2,20,3,31,1,59,25
36702,0,44,20,75,1,48,28
33231,3,45,20,43,7,58,35
22065,1,0,1,44,1,39,0
28349,1,26,4,32,4,44,12
14554,0,13,1,7,2,21,2
45682,2,22,4,93,1,31,7
56322,3,44,2,87,1,45,24
34945,0,1,2,81,0,33,7
20627,5,0,1,25,2,29,1
43585,2,9,3,97,6,37,12
24235,1,0,5,51,2,27,8
15573,0,0,1,25,1,22,0
25011,1,31,3,3,0,46,25
21267,0,0,2,41,0,27,5
35555,0,1,1,88,5,25,1
20606,4,12,2,9,4,41,10
44769,6,9,1,92,1,59,3
20335,0,3,2,38,4,25,4
21811,2,4,2,30,4,31,7
19875,0,26,5,10,1,39,13
24438,1,26,1,14,0,35,8
23978,0,36,2,7,5,37,10
39758,0,10,1,96,7,30,4
23838,5,0,1,34,1,20,1
18656,2,9,5,17,1,53,13
14137,0,1,1,15,7,40,3
45895,1,0,4,96,0,64,37
17208,1,1,1,22,1,30,3
43856,4,2,2,90,1,48,19
13969,1,0,1,17,4,22,0
16426,3,6,2,8,2,41,5
15995,2,0,1,16,0,61,2
30010,1,48,7,20,2,37,17
39738,0,12,2,92,3,35,8
29487,3,3,13,61,3,65,31
40015,2,97,11,8,1,56,18
18119,1,3,7,33,1,31,10
12090,1,0,1,10,2,19,0
22620,1,1,1,43,1,20,1
39812,4,29,4,66,7,31,6
29964,2,0,1,66,1,18,0
22108,5,2,11,40,6,36,14
18303,1,5,1,22,6,39,4
16871,0,2,7,25,2,52,15
39491,0,5,2,95,2,23,3
39342,1,31,1,53,0,32,13
41117,2,0,2,96,2,27,5
14309,6,0,1,3,1,20,0
17870,3,4,3,13,0,30,10
37990,2,0,1,91,1,21,2
19904,0,3,3,4,1,55,37
33873,4,1,1,72,3,31,1
31867,1,0,1,73,4,23,0
31038,1,7,2,66,3,31,5
33879,1,10,1,62,3,37,10
25800,4,0,9,44,1,59,25
42497,5,2,2,84,4,35,11
68541,1,162,22,56,0,61,38
34564,0,5,5,76,2,38,17
56082,1,81,16,94,0,45,27
13350,4,0,1,0,1,27,4
48743,4,47,23,93,5,57,34
39341,2,13,2,53,2,64,36
37063,0,2,13,86,1,56,37
29367,1,0,3,57,3,62,14
16254,2,13,2,6,4,25,4
25642,2,4,7,45,4,50,16
39868,1,6,5,97,0,52,9
24821,1,8,1,41,4,27,3
27204,0,0,2,56,1,35,11
41177,2,19,4,76,1,63,10
20047,1,1,1,30,0,49,5
17098,0,1,1,27,1,20,2
29010,0,1,2,69,0,31,4
43745,1,35,2,80,0,25,5
14422,0,7,1,12,3,27,2
23140,1,0,1,46,1,19,0
79494,1,123,1,65,3,65,44
14055,4,1,2,3,2,35,5
12766,2,0,2,5,0,45,5
36422,1,1,1,85,1,31,6
23881,5,0,2,34,1,43,5
38740,6,0,1,85,0,19,0
13692,0,0,2,19,3,47,1
33639,0,5,1,76,7,63,5
12111,1,0,1,10,2,19,0
34979,1,24,12,76,4,35,17
19043,1,6,1,16,0,31,12
27384,2,0,2,50,4,35,10
17471,0,3,3,23,1,29,10
26340,1,4,6,38,0,50,29
35419,2,5,1,80,1,33,3
82000,1,204,8,50,1,39,16
63524,1,71,3,94,0,57,14
44292,2,81,17,49,2,48,24
42555,2,21,1,83,0,21,3
17175,2,0,2,23,1,37,3
60731,0,77,13,89,1,55,31
28257,1,2,8,62,4,38,20
30447,6,6,5,38,2,40,22
46246,0,47,2,71,5,34,12
26946,0,1,2,49,2,45,15
15742,2,0,1,11,1,47,7
35468,4,11,1,60,1,29,9
39455,3,1,1,95,0,34,2
25845,0,0,2,55,3,36,7
48108,7,30,2,70,0,59,7
25023,2,1,2,50,1,20,2
28271,6,18,5,32,1,30,11
14141,1,1,3,16,1,23,5
32673,1,0,2,80,0,22,3
31433,2,0,1,59,0,58,9
20984,0,2,6,35,2,45,17
26286,3,0,1,44,6,57,8
16759,1,0,1,25,0,21,1
43670,1,29,2,83,0,47,4
22432,1,24,8,2,0,56,37
30989,4,1,1,55,1,45,8
33231,1,8,2,65,3,52,11
45621,2,23,4,72,1,59,28
31441,3,1,3,70,4,47,5
23004,3,0,3,41,4,25,3
40568,0,73,21,55,2,62,34
40638,5,0,1,88,0,21,2
24198,0,0,1,47,1,41,3
32755,2,3,3,67,4,64,10
13106,0,0,5,13,1,55,12
62432,0,74,2,93,1,49,24
48918,3,44,2,69,0,36,10
26205,5,8,28,80,5,53,29
26045,1,1,1,53,4,19,1
20757,0,3,3,38,5,52,4
12361,1,0,1,10,0,29,1
26035,0,8,13,57,1,60,26
19250,1,4,4,32,1,23,4
31967,0,0,1,76,2,34,0
34387,4,2,24,95,1,58,36
22484,7,0,2,11,6,37,16
30898,0,3,3,63,6,35,15
25561,0,0,7,25,2,64,44
50205,0,55,8,73,0,55,28
17953,6,10,2,0,1,55,6
30190,1,16,2,35,3,52,22
35352,3,4,5,77,1,36,10
25450,0,7,6,54,4,34,11
23197,0,28,4,25,0,61,5
45708,1,56,4,67,1,26,5
43916,6,0,2,95,3,38,9
10216,0,2,4,1,4,38,11
24216,0,3,1,48,0,23,4
39303,2,5,2,77,0,44,20
42573,0,19,4,88,1,29,10
11668,2,1,7,13,0,42,7
18502,1,18,19,29,2,65,30
30338,2,1,4,73,5,37,4
38179,1,2,1,90,1,28,6
20513,0,27,1,12,1,22,4
11271,0,1,2,10,3,20,2
39191,0,59,9,51,1,57,15
39054,1,1,1,99,0,29,2
42185,2,53,19,78,5,48,26
60753,1,128,3,7,4,64,32
25089,5,3,3,37,1,27,8
40385,5,0,6,93,2,26,8
24642,0,15,1,31,1,28,7
17044,1,6,12,24,3,48,24
19953,4,1,2,11,0,46,18
26530,1,26,10,40,0,61,17
176233,0,422,3,96,2,60,35
15709,1,0,2,18,0,26,6
10969,0,2,2,6,1,27,4
15812,3,0,1,17,4,19,0
25111,4,8,2,31,3,32,6
26902,3,0,2,51,5,30,5
19487,6,2,3,15,0,50,7
19242,0,3,1,30,3,24,3
29922,3,0,1,62,5,34,3
24929,1,16,4,27,4,55,18
25098,5,0,1,39,1,23,3
21298,0,22,2,9,1,50,14
28399,2,0,1,63,3,35,1
29238,2,0,2,58,3,24,6
26252,6,30,17,30,3,43,23
29477,0,4,11,55,6,63,39
39243,1,7,1,88,0,25,1
30395,1,0,1,67,2,26,2
26447,0,3,1,58,3,41,1
11516,0,1,2,6,1,46,5
41151,1,38,5,60,2,34,14
14274,0,5,2,2,0,36,16
40611,1,2,1,97,1,47,3
18734,1,6,21,47,0,61,29
24579,1,0,1,50,3,24,1
48713,1,94,14,33,2,64,40
27143,0,0,5,49,1,43,24
24473,2,2,1,40,0,31,4
32832,1,0,1,78,0,32,3
50195,2,0,5,97,2,60,39
37449,4,6,3,73,0,28,8
14889,0,1,2,19,1,28,4
65332,1,106,2,68,0,41,11
26937,1,0,1,58,3,18,0
27997,2,0,3,55,2,50,8
80855,5,173,7,49,2,38,20
17385,2,17,1,2,1,30,4
29234,1,16,4,35,0,58,23
14268,1,2,2,13,2,49,3
15041,1,0,1,18,3,25,2
32324,0,43,7,46,1,31,9
9516,1,0,1,0,0,51,0
23712,3,5,6,34,4,53,13
26809,1,1,2,55,1,27,4
29301,5,17,2,28,1,35,11
33898,0,9,2,79,0,24,4
17259,1,5,7,28,6,44,10
36664,0,36,4,32,2,58,30
22688,0,2,1,43,2,22,4
25217,0,1,1,50,5,63,1
25330,1,14,1,20,1,42,21
16851,1,1,1,20,5,27,6
48168,1,22,2,95,0,34,14
23361,1,1,12,60,2,43,16
42597,4,2,4,97,6,33,9
15555,1,2,1,13,0,42,5
17983,2,1,1,17,3,39,7
42595,4,0,2,85,2,60,13
29118,1,0,1,66,0,19,1
23185,1,0,2,43,2,35,6
9464,0,0,1,1,3,21,3
20692,1,5,4,37,3,24,5
30268,3,0,9,54,1,56,29
33528,1,4,4,72,1,40,14
68575,1,179,5,8,1,40,16
39823,4,26,11,65,1,51,24
43417,3,8,1,95,0,32,6
37223,2,0,1,89,1,18,0
30549,1,14,10,64,7,35,14
14714,1,3,9,20,5,54,15
23003,6,2,2,24,2,25,6
16985,0,3,7,34,0,26,8
18174,1,1,4,33,4,65,3
40090,0,27,17,95,0,52,30
41908,2,2,1,92,0,34,15
16485,0,6,4,21,3,41,7
23007,5,0,1,31,0,23,1
33358,1,3,4,70,1,54,14
22415,0,4,1,42,1,19,1
15603,3,1,4,15,0,54,5
37640,3,0,1,91,2,19,0
31131,4,25,2,34,0,30,11
14877,3,3,1,8,3,25,2
26669,0,1,7,61,1,44,12
38123,3,15,8,67,1,50,26
34761,1,3,3,83,3,29,8
9961,1,0,1,3,1,21,0
25682,2,4,1,32,3,50,15
25050,0,1,2,39,4,47,18
43395,1,2,2,97,4,51,13
62917,2,97,3,49,6,55,30
17209,2,8,3,15,1,30,5
35043,0,6,8,91,1,34,11
15953,3,1,1,8,1,55,5
31997,3,1,1,40,1,53,27
76624,0,148,4,78,3,59,18
53929,4,51,8,83,1,44,20
47650,0,69,3,58,0,60,11
15048,2,18,11,9,1,54,15
22996,1,1,1,33,2,55,10
42314,2,7,1,96,3,30,10
52275,0,87,6,44,2,45,26
30001,0,10,4,56,4,48,15
24048,2,8,2,35,1,29,5
43487,5,1,1,95,2,23,2
18460,2,1,6,30,2,30,11
37135,1,0,1,89,0,27,0
24077,1,26,5,28,1,26,7
20023,0,0,1,35,2,31,3
17323,1,2,1,20,7,32,6
37066,3,1,1,78,1,37,8
40311,1,75,5,18,0,57,16
62141,1,140,4,12,0,52,34
28859,0,0,2,73,0,23,1
25003,0,2,3,51,6,53,5
40940,2,14,7,92,0,48,12
33882,3,16,1,52,0,34,10
31256,3,11,6,56,2,32,11
11985,0,14,16,19,6,53,18
35677,1,15,3,56,0,57,17
40235,1,1,2,69,2,60,39
23211,1,16,4,31,2,50,6
11201,1,1,1,5,6,27,1
26989,1,7,1,40,0,29,11
39172,1,0,9,91,1,60,32
31366,5,2,7,64,6,36,13
41680,5,38,3,47,4,46,11
39697,1,54,1,9,1,59,37
29874,2,16,2,43,1,31,12
14521,1,4,1,12,1,23,1
48519,1,34,3,73,4,47,26
22136,2,0,1,40,1,25,1
35626,2,6,2,70,0,34,13
15206,0,3,2,13,1,47,9
11011,2,0,1,2,0,39,0
32872,2,7,1,65,5,30,3
32342,3,6,5,67,4,27,8
21092,3,3,1,22,1,29,7
42348,2,19,7,98,0,28,7
41634,1,18,2,81,0,38,15
40694,3,1,1,82,2,38,16
40276,6,0,1,90,6,19,0
51424,3,15,4,84,2,61,38
10459,0,1,1,2,4,57,3
9850,1,0,2,3,1,26,2
38463,3,1,1,76,2,64,13
26046,2,6,1,42,5,47,4
24628,4,17,11,38,1,39,15
35886,0,0,2,91,1,24,3
25623,6,0,4,32,1,64,16
29903,0,2,3,57,1,47,18
17821,3,6,1,15,1,26,1
12856,1,7,16,25,2,43,20
31965,3,2,7,52,0,60,31
21548,2,0,1,37,1,44,2
34695,0,1,3,82,5,31,11
28578,2,1,2,51,5,53,10
44301,3,0,2,87,3,43,22
20750,1,24,3,16,1,24,5
35449,3,0,4,81,6,64,7
26025,2,6,1,43,6,21,2
27026,0,2,2,50,4,31,10
34884,0,2,1,84,0,57,3
12772,1,0,4,9,2,34,10
27215,5,0,2,44,1,57,7
27897,0,17,17,51,3,58,36
40369,1,3,1,87,0,54,8
42735,6,2,4,84,2,58,20
21818,0,3,2,40,0,30,3
25423,2,4,3,30,6,45,24
50011,4,9,4,94,1,55,33
43753,2,44,4,60,1,58,11
16243,0,16,1,4,4,43,6
16925,0,2,1,19,0,27,8
17266,1,9,4,9,1,49,16
28653,3,5,4,56,0,27,8
39477,3,52,3,36,2,54,15
26783,1,1,1,56,4,20,1
24296,3,1,4,44,0,28,8
10383,1,0,1,4,0,23,0
34926,3,5,1,74,0,32,3
31224,0,2,2,47,2,62,27
32126,1,1,2,67,1,43,7
17522,2,2,7,18,0,46,19
55646,0,62,2,75,0,53,21
18159,1,3,8,37,1,29,8
19309,1,0,1,33,1,18,0
33958,1,9,2,52,4,47,24
41542,2,17,5,82,4,37,19
19279,2,0,2,16,3,39,17
45539,2,3,3,86,0,58,38
27968,3,43,16,27,1,55,23
16238,1,0,1,23,3,20,0
26862,3,1,1,47,3,35,5
41293,1,9,2,88,0,46,15
16497,1,7,5,19,1,45,8
20422,2,12,6,11,7,48,25
24290,3,0,1,46,1,24,0
36484,1,6,1,76,1,38,9
34256,2,14,4,60,4,50,11
33455,6,6,1,54,2,24,3
21048,0,2,1,38,1,22,2
20952,0,1,3,39,1,54,5
12683,1,0,4,9,5,48,10
21407,1,4,1,33,3,25,2
32431,3,1,3,64,0,30,8
30917,1,3,4,67,0,60,9
40529,0,66,2,28,4,41,12
29635,1,2,1,65,1,31,1
37959,2,5,2,86,2,53,3
19816,1,0,1,37,3,29,0
36787,0,19,11,61,2,59,40
17517,3,0,1,20,4,21,3
24692,2,5,2,18,1,53,25
38671,3,0,2,82,0,30,9
15282,0,0,1,23,2,25,0
32347,0,0,1,75,4,35,1
28399,6,2,1,43,4,41,3
43137,0,46,1,63,5,50,11
31044,0,0,3,74,1,24,5
30704,2,45,4,22,0,54,6
27198,2,23,3,30,0,32,9
39720,0,0,3,95,0,61,14
44449,1,3,8,94,3,53,33
23629,0,11,2,33,1,48,8
46245,0,102,3,6,0,46,18
28862,0,0,1,72,4,18,0
30638,2,1,1,47,5,42,17
15583,3,3,7,6,0,56,21
13326,0,0,2,11,0,59,6
46689,0,30,5,78,1,63,29
27404,0,4,2,58,4,28,7
36734,0,7,2,89,0,30,6
20311,1,2,2,8,2,60,28
31943,2,1,1,59,1,33,14
19904,2,0,5,35,4,46,8
33746,1,0,1,81,0,21,1
32249,1,0,1,75,0,21,3
23877,0,13,3,37,1,31,7
34645,1,12,9,78,0,47,17
17629,0,1,1,26,1,24,3
55333,4,29,5,94,2,64,36
28394,1,1,1,57,0,54,6
22347,1,0,4,40,3,33,10
29537,0,5,5,50,0,45,25
15911,5,2,2,2,0,28,9
23067,1,21,1,16,3,44,8
30200,2,0,1,64,4,20,0
26958,1,0,1,62,6,30,0
21870,3,8,6,35,2,28,8
14233,0,0,3,17,2,28,9
40682,4,32,9,56,2,58,30
15660,3,4,1,7,6,64,2
40748,2,1,2,96,3,51,2
28177,6,7,4,40,2,39,10
26028,3,2,1,48,5,21,2
26690,4,18,1,28,0,42,3
28552,3,0,2,60,1,26,4
35268,2,6,8,87,2,27,9
48274,7,9,2,83,1,51,21
46967,1,33,1,93,5,23,4
41601,4,0,1,93,6,33,1
35353,0,2,4,92,1,28,6
30501,1,16,2,30,3,52,25
20962,1,0,4,35,0,63,11
30637,0,6,1,62,1,35,9
30299,3,0,2,61,3,23,4
21602,2,1,15,41,0,58,30
20514,3,4,6,25,2,43,17
39330,1,2,2,92,2,39,5
17955,4,0,6,10,0,52,21
25676,0,4,1,51,0,27,1
24848,0,2,2,52,3,38,4
48210,3,46,1,63,4,37,15
31458,0,4,4,78,6,25,7
32356,4,22,1,19,0,54,26
41970,0,11,3,99,0,31,10
37962,1,0,2,96,3,21,2
17813,0,7,2,23,1,31,5
44455,1,42,4,58,0,41,23
38017,1,0,3,93,3,30,6
10909,1,1,2,6,2,23,2
45457,6,1,2,90,0,40,20
61415,0,105,15,76,4,63,40
30786,1,2,14,92,2,34,15
17039,0,1,3,22,2,55,9
23284,5,0,1,35,1,19,0
32001,2,29,13,57,1,46,17
34397,1,23,8,39,3,62,35
43611,0,13,1,89,1,35,11
25020,5,18,1,11,1,48,11
15567,1,2,1,12,1,30,7
33815,0,1,1,82,2,20,1
18781,0,4,5,30,1,40,10
32663,4,0,5,72,1,46,7
22580,5,34,12,3,6,41,23
28013,0,3,19,67,4,62,41
42739,5,3,2,65,2,65,33
25604,1,5,12,47,0,55,30
13887,0,71,42,13,4,64,42
37010,0,1,1,91,6,22,2
34203,4,9,4,67,2,32,8
49197,4,102,4,16,1,29,8
34207,2,0,1,75,4,33,6
133004,0,385,13,33,5,59,38
41276,3,12,4,77,1,38,15
43900,4,3,1,99,2,30,4
52901,0,118,11,6,0,64,46
36190,1,2,1,87,3,22,4
11073,2,0,4,8,1,28,3
47051,7,7,2,67,2,64,30
24753,3,2,1,45,3,20,1
31251,1,4,6,79,3,25,7
40223,4,12,2,76,1,64,4
37121,0,29,2,45,0,54,21
30463,1,58,3,3,4,33,15
21642,1,2,2,32,2,33,8
29271,2,16,2,33,1,42,16
28481,3,0,10,69,3,38,10
34944,0,0,1,81,5,45,8
11606,0,0,3,10,7,53,5
31808,1,5,2,72,0,35,3
12184,0,4,14,13,5,57,29
40071,3,8,2,92,0,37,3
8660,0,2,14,10,3,43,23
30250,3,19,3,25,3,60,24
45702,1,33,3,80,6,30,8
36972,2,4,2,75,1,64,8
24334,0,0,1,40,0,33,13
36766,3,12,4,61,0,58,23
31408,2,7,4,66,1,30,6
40167,0,8,1,97,1,22,2
36919,1,24,4,73,1,23,5
33519,1,8,1,70,1,26,3
25626,4,1,2,43,0,61,4
19614,2,25,33,46,0,61,43
120229,0,271,1,77,0,57,30
25853,1,5,2,35,1,60,18
23479,2,0,9,52,0,35,14
31512,0,14,1,35,5,51,24
26074,0,9,2,48,5,39,6
35815,3,3,7,73,4,46,26
17794,4,10,3,11,1,30,5
9867,0,0,3,1,2,43,9
40821,3,0,2,76,5,45,26
10796,1,1,1,3,6,22,2
34092,1,0,3,80,2,64,4
22027,0,0,1,46,1,26,2
38140,1,8,3,84,0,30,10
15900,2,0,7,22,3,45,13
31555,2,24,2,39,2,52,10
56520,7,27,4,88,1,54,31
133614,0,311,2,86,1,58,31
30610,1,30,7,43,4,40,11
34617,2,0,1,81,0,60,1
24333,1,0,1,50,0,21,0
32055,2,14,20,83,4,65,25
40939,4,0,1,95,1,19,0
42045,4,3,1,90,3,52,3
27431,4,0,2,50,6,54,4
42131,0,16,2,80,0,40,17
13844,1,0,1,15,5,36,0
38747,4,0,1,85,5,56,0
48372,1,10,3,97,6,59,22
41038,3,1,1,97,0,39,1
11749,2,0,1,5,4,21,1
21201,1,2,4,40,0,28,6
21623,2,0,1,37,0,29,1
34767,2,14,8,63,5,43,19
32412,0,3,1,77,0,29,3
28184,1,0,2,60,6,59,3
30297,4,6,1,41,2,40,11
11480,2,6,17,20,1,49,20
25426,2,9,7,38,3,61,21
17866,3,4,4,17,4,45,10
21093,3,3,1,27,3,27,4
32848,0,1,1,78,3,26,4
29051,5,0,1,54,1,18,0
37245,0,0,1,98,3,29,0
24461,1,0,2,52,1,57,1
22721,2,4,1,36,1,43,1
12428,1,1,1,8,0,21,2
28097,0,49,2,17,3,37,5
22932,0,2,1,36,1,64,10
33275,5,0,1,71,1,41,0
36844,0,1,4,93,5,62,5
34302,0,1,1,87,5,21,3
27645,5,0,1,49,2,24,3
25197,3,0,4,12,4,60,41
9687,0,5,15,20,7,47,16
66818,5,95,5,75,0,48,28
22633,1,0,1,44,1,49,2
36073,2,2,1,76,1,41,8
14130,4,0,1,7,2,18,0
36162,1,2,1,89,5,29,3
58728,4,114,4,3,1,62,41
25466,1,2,2,54,1,27,3
30323,1,41,2,21,0,58,8
38609,6,1,1,82,3,25,2
15125,0,0,2,11,1,54,13
39221,1,15,2,83,0,32,9
19170,6,0,1,20,1,30,0
19376,0,0,1,36,2,19,0
22124,1,3,4,39,1,36,10
23499,2,16,2,2,0,56,28
36597,2,8,2,53,3,47,26
14279,1,2,1,14,1,21,2
39494,1,10,3,95,0,31,3
40606,0,1,7,96,2,46,23
35760,3,40,2,39,0,44,9
45799,1,3,2,86,1,62,30
15762,4,28,31,25,0,65,37
31377,2,0,1,72,3,19,1
25501,5,0,9,40,6,57,25
44268,2,28,3,75,5,41,12
39870,1,16,1,83,6,47,3
20533,3,0,4,19,5,44,18
30435,1,1,3,72,1,22,3
22471,1,19,2,13,1,52,13
31028,4,16,2,45,0,42,8
34949,1,18,15,77,2,55,26
64695,2,73,10,87,0,58,40
26637,7,0,1,33,1,33,4
18343,5,5,14,16,5,53,32
37641,1,0,3,93,1,41,5
26581,4,38,5,17,1,62,6
33438,6,0,1,69,5,36,0
24201,2,0,1,45,2,23,3
36555,7,14,4,50,2,47,14
15470,2,22,28,33,2,52,34
47149,6,17,1,94,0,25,6
24780,2,1,15,65,3,48,18
33259,1,1,1,75,6,32,4
17455,3,18,3,5,1,31,3
19399,0,2,3,34,1,53,6
23497,3,12,11,34,1,43,20
24952,1,0,11,53,2,57,26
32679,0,16,11,68,3,44,24
41572,2,37,9,57,2,53,33
35618,3,0,1,81,4,39,1
21255,1,0,2,36,1,36,5
24600,3,1,2,43,2,35,5
26179,2,34,2,11,2,42,13
41801,7,0,2,81,2,34,14
50193,1,37,1,86,6,27,7
15258,0,0,1,12,3,48,9
34441,0,10,2,52,4,48,26
37123,0,53,1,33,1,58,9
31029,3,0,1,59,0,33,4
42769,1,17,9,83,1,64,36
42162,3,0,1,80,0,57,26
30126,1,3,1,63,1,63,1
31302,5,1,1,54,4,42,7
38185,0,1,2,90,0,56,13
26913,0,25,3,23,6,39,16
41957,3,1,4,69,3,57,38
14343,2,0,1,11,2,62,2
21642,4,0,7,29,6,43,21
90034,1,163,3,93,1,55,30
19692,1,0,2,37,2,22,2
22440,1,2,2,37,1,49,9
32805,2,22,11,62,1,61,18
48008,1,3,3,95,0,58,33
34062,1,4,2,78,1,26,2
29943,2,18,2,50,6,34,4
40959,0,5,1,81,0,41,18
43147,1,56,9,49,4,58,31
15946,3,1,1,11,0,40,3
30068,4,3,4,60,2,46,6
52078,0,72,3,40,3,64,31
27802,3,23,6,30,2,59,16
10289,0,2,3,1,1,42,8
36240,4,17,1,55,1,31,9
15939,0,0,1,26,0,18,0
48334,2,4,1,89,2,55,35
23989,1,6,1,41,3,24,2
39664,2,14,3,56,3,62,29
40263,2,0,1,95,0,40,1
18410,2,0,2,27,4,34,2
18927,1,0,2,19,4,34,15
18860,7,0,5,3,1,40,22
11893,1,5,2,4,2,25,3
21168,0,3,9,18,4,59,40
30852,1,6,13,57,0,57,38
35002,0,1,1,86,3,26,1
35177,0,1,3,74,0,59,20
37524,1,6,2,85,1,33,6
36888,0,0,1,98,3,20,0
14241,2,1,1,10,0,62,1
40792,0,3,2,98,1,33,12
44114,4,45,1,60,2,30,6
39602,1,6,1,84,3,37,12
40491,4,15,4,86,1,55,5
28371,0,2,3,37,2,62,29
27046,1,21,6,40,2,35,13
31845,2,3,1,65,0,39,3
15769,1,1,1,21,2,21,1
17316,5,4,4,15,1,22,4
27455,1,4,3,16,3,61,43
26319,1,1,2,53,3,57,6
43911,2,7,2,97,0,38,14
24392,1,2,4,26,6,55,27
14729,2,0,1,14,0,21,1
39084,1,31,1,31,4,61,34
11951,1,5,1,1,1,50,2
31870,5,0,1,60,2,58,1
39578,0,0,2,96,4,65,13
9651,2,2,5,1,1,25,6
35234,0,2,7,76,5,54,23
24007,1,1,1,45,2,22,2
11617,0,0,3,7,1,44,8
23954,0,3,3,42,4,61,11
17511,2,22,7,3,3,64,13
24688,0,2,1,29,2,60,24
24477,1,2,5,45,0,36,16
26750,2,4,4,50,7,39,8
29749,4,9,9,50,6,48,23
30463,3,0,4,60,0,35,15
37900,4,69,8,8,1,63,29
32293,4,5,2,60,1,24,3
51445,1,51,1,44,2,64,43
17693,2,0,2,22,4,25,5
41829,1,41,2,66,4,32,6
34886,4,3,3,50,4,54,31
53362,1,105,1,17,5,58,23
13085,0,0,1,15,1,20,1
23091,0,15,3,35,3,28,5
47771,5,42,1,74,2,29,5
41410,0,18,1,89,2,36,8
35027,6,33,5,31,1,47,19
39981,0,10,1,77,0,39,19
25476,1,0,1,53,5,33,0
32091,4,2,8,67,0,53,12
33879,0,43,16,51,3,52,30
41161,4,7,2,88,4,61,4
39461,8,49,2,15,1,41,20
42847,3,4,3,91,4,38,14
27526,1,1,2,60,1,24,4
24650,4,1,10,50,5,45,17
21016,2,2,1,34,0,19,1
29055,2,0,3,62,1,56,3
18389,2,3,5,17,3,39,17
18101,2,44,27,18,0,51,32
19374,4,0,5,30,3,28,7
38642,1,6,3,83,2,47,18
20201,0,24,3,18,0,23,4
18531,3,1,1,22,1,26,1
16689,5,0,7,15,1,34,15
45176,1,29,2,87,3,35,4
20267,3,0,1,29,0,23,1
36523,0,2,9,95,2,38,16
28078,2,1,1,55,1,49,1
35221,3,1,1,76,1,25,4
23054,3,2,3,17,3,53,27
33003,2,3,5,69,3,56,16
33709,3,6,9,69,0,43,24
19843,3,1,1,28,2,27,1
22970,0,4,5,34,4,52,18
23413,2,14,3,11,6,49,23
35297,0,12,2,73,3,37,10
41933,2,11,2,88,2,40,13
36129,2,1,1,80,0,24,4
40169,4,78,3,6,4,46,20
18995,0,0,1,34,5,30,0
24912,1,0,2,54,1,22,2
19809,6,1,3,11,4,40,13
37063,1,0,1,88,0,21,1
35769,2,0,2,86,0,24,2
14885,0,11,3,10,1,27,6
35118,4,0,1,75,1,43,1
36432,3,25,13,73,2,45,18
42877,1,50,5,63,1,54,6
37730,3,0,1,88,1,31,1
18081,2,13,2,12,1,32,5
102756,0,222,6,74,0,58,34
24303,2,2,6,28,0,60,29
31213,1,11,2,56,5,44,5
28739,6,23,4,15,1,57,21
26067,0,8,2,53,2,35,2
24613,1,7,6,52,3,33,6
19551,2,1,2,27,1,61,3
31931,1,3,1,61,0,55,14
35377,2,2,4,82,3,61,10
15247,1,2,1,17,2,25,2
15471,1,0,1,14,4,48,6
44023,1,16,1,91,1,43,9
59901,0,107,7,48,4,52,28
30842,0,0,1,74,0,25,0
41164,1,25,5,83,3,39,14
35003,1,52,1,27,1,36,11
22073,0,14,7,28,6,43,18
25966,3,6,3,38,3,46,9
23253,2,18,2,9,6,41,20
47581,1,23,2,94,1,43,15
22672,1,1,1,44,0,22,2
21217,1,0,2,43,1,19,1
20525,0,3,21,59,5,54,30
16270,1,2,4,17,2,45,13
30730,3,7,3,46,1,54,18
23370,1,2,2,34,2,35,12
33590,3,1,1,67,0,42,8
40018,1,15,2,81,7,50,6
26862,1,18,3,21,1,61,22
39222,2,0,1,94,1,18,0
33485,0,40,18,65,0,53,24
32775,1,0,1,77,6,39,4
42376,1,2,3,92,2,63,15
38680,1,1,3,95,2,60,3
37748,5,68,9,26,0,39,13
21138,0,40,2,3,1,22,3
27647,2,67,17,13,0,39,21
64560,3,74,1,72,2,52,33
26475,2,3,1,44,0,64,8
24956,0,0,1,52,2,33,1
29254,4,1,1,50,3,50,9
33276,0,0,2,65,0,51,19
34782,4,7,7,75,0,37,10
63768,2,117,1,23,1,60,33
73182,3,154,4,43,3,60,20
23439,1,25,5,22,4,50,10
38849,4,4,1,75,1,48,11
37522,3,0,1,89,1,25,2
29956,1,23,3,44,1,27,6
27058,1,0,1,61,0,20,2
41467,0,75,4,8,0,56,36
33449,0,0,1,82,2,53,1
36801,1,0,5,89,1,62,15
33661,1,0,3,86,1,55,3
35366,4,1,11,86,3,51,13
31490,5,23,1,38,2,43,4
34343,3,25,2,46,5,39,7
60164,1,92,5,55,0,51,29
15763,3,2,5,18,7,25,7
13158,0,0,2,13,4,51,4
43111,1,11,3,91,0,51,18
44753,1,55,7,62,0,59,17
27718,0,21,4,26,5,49,25
39460,1,2,2,84,0,53,13
31441,2,1,1,54,4,52,18
30410,3,0,1,66,2,24,1
31980,0,30,4,45,0,60,10
43163,6,67,2,4,0,52,27
36614,2,14,1,68,0,22,4
15286,5,0,2,6,0,43,3
23699,0,4,5,39,2,60,20
33421,0,0,2,87,1,60,2
30504,0,3,2,65,2,44,6
42911,6,32,7,42,2,63,38
32011,2,16,2,48,2,34,10
17141,0,2,6,19,2,43,21
22879,1,0,13,52,3,49,27
40636,2,13,6,82,1,50,17
50555,6,125,34,37,6,64,46
20760,1,5,1,24,2,51,8
31948,2,0,2,70,6,55,3
32863,0,32,1,41,0,27,8
16461,0,0,1,28,1,18,0
33748,3,5,2,75,4,22,2
18844,6,0,1,16,0,21,0
29554,1,2,3,59,3,43,12
21028,0,4,6,42,1,45,10
12759,1,0,1,11,7,19,1
27715,2,0,1,59,1,45,0
57448,6,77,5,61,3,35,13
12048,2,0,1,7,2,23,0
24826,2,6,3,39,1,32,8
32134,0,5,2,80,3,22,1
19796,3,1,2,29,4,24,2
17868,6,0,6,17,4,30,11
17556,4,6,3,13,1,41,6
21740,2,1,11,32,4,54,30
15356,1,1,10,13,1,54,28
35240,4,1,8,67,1,51,25
59825,1,52,5,99,0,49,29
49913,1,35,10,95,0,59,31
56319,4,47,4,89,1,37,13
31301,2,2,2,69,1,21,3
38623,2,6,2,81,1,57,5
16734,4,1,1,2,0,33,12
46867,1,25,2,94,1,61,6
23032,0,1,2,45,0,34,8
22648,1,1,1,40,6,56,3
28487,0,3,1,38,1,55,26
20898,1,1,4,22,3,46,21
24959,5,6,1,35,0,22,1
13828,0,0,1,18,5,32,1
12792,3,0,5,8,0,29,9
37569,0,10,1,80,2,30,4
32777,4,0,1,71,2,38,1
57487,1,98,16,72,4,55,36
42437,3,15,14,98,7,62,26
32762,1,1,1,71,1,39,2
23528,0,27,2,14,0,34,14
27433,1,0,1,62,6,22,1
16398,1,3,2,21,3,29,4
20125,1,2,4,26,5,36,15
29211,5,6,6,58,1,42,6
30026,2,11,2,49,3,56,9
28228,0,0,2,63,1,34,6
19090,1,3,2,27,1,26,4
14437,1,3,1,12,4,21,3
35238,1,2,3,87,4,56,4
24373,0,0,3,57,1,21,2
23963,0,20,7,32,7,52,16
21476,3,13,3,22,4,58,2
28128,4,0,2,46,1,39,13
34120,0,1,2,82,0,43,2
22048,0,2,14,51,4,58,27
42813,4,4,5,95,0,52,10
32505,1,4,2,58,0,38,17
27471,4,1,2,48,0,53,5
30414,2,4,8,63,2,48,18
38988,1,12,6,85,1,50,13
21389,1,2,1,33,1,27,4
33341,0,5,5,69,4,49,17
31630,6,23,20,46,1,64,40
10428,1,0,1,3,0,22,1
12769,2,10,14,14,3,44,19
31227,3,0,1,66,1,48,2
36917,1,4,3,93,3,53,3
27812,0,9,3,50,1,39,11
23261,0,0,2,50,6,21,1
31556,1,1,1,75,1,46,1
39281,2,9,1,86,5,26,4
21513,4,2,1,28,1,21,3
36595,3,0,1,82,1,19,0
26904,2,0,5,52,1,38,12
50886,2,52,2,87,6,28,7
14271,0,1,4,18,1,48,7
25854,4,0,5,32,4,62,21
22575,3,0,2,42,8,22,1
19632,0,4,1,35,5,20,1
30852,0,3,4,62,3,46,14
39216,2,0,1,95,1,21,1
19793,1,2,1,31,4,23,2
29468,7,20,1,24,1,59,6
26422,1,0,1,41,0,43,16
24447,4,3,1,18,0,54,20
20450,0,16,2,18,1,42,8
39307,1,7,1,92,3,58,5
39596,3,40,1,37,0,42,19
13823,1,0,2,12,0,29,6
22971,2,1,4,35,1,51,14
25765,1,0,1,56,3,42,0
35127,0,1,1,83,1,29,4
27720,2,0,1,59,2,25,0
15778,1,5,3,14,2,30,9
15562,1,37,13,2,0,35,14
40115,2,1,1,94,3,24,5
33677,0,0,2,87,0,44,1
30544,2,0,1,72,3,18,0
26207,0,9,11,54,4,47,21
15266,1,0,1,19,1,21,2
39344,1,2,3,97,4,27,7
31625,2,17,1,48,0,32,6
18406,0,0,1,30,4,23,4
40561,1,36,2,56,1,62,9
33728,1,0,1,77,0,20,2
44706,0,23,5,87,2,56,23
22691,3,2,2,4,0,57,36
12943,0,0,5,8,3,45,17
17080,1,0,3,27,3,29,4
38915,3,0,1,97,5,24,0
38978,2,0,1,91,1,25,1
35517,2,10,2,68,1,64,7
15885,1,0,7,24,2,41,13
36665,0,0,1,97,6,19,1
35678,2,33,3,42,3,45,12
57600,3,61,4,81,1,40,20
26723,2,1,3,22,1,52,34
32933,0,0,1,83,2,21,0
10021,1,1,9,1,0,51,21
75147,2,238,27,7,2,57,31
35751,3,46,2,24,1,29,11
25862,1,1,4,56,3,25,6
26407,0,4,5,53,0,29,11
22492,1,15,11,31,2,54,23
25182,1,0,1,52,2,19,1
46431,5,16,1,92,1,33,5
35684,1,0,2,93,4,44,1
36332,1,6,1,84,3,21,2
38238,4,1,4,67,3,63,23
15283,4,2,1,8,2,21,2
64029,7,38,1,98,1,54,27
31203,1,5,7,65,5,49,19
44935,4,69,12,49,1,41,16
22114,1,26,1,8,3,56,10
21173,0,5,2,33,2,34,9
12129,0,0,4,16,2,29,5
14395,2,1,2,12,1,32,3
22366,0,0,1,38,3,47,9
30810,4,9,1,50,0,22,2
16301,0,6,1,14,1,25,6
23761,1,6,2,18,0,64,25
18794,2,1,4,24,0,34,10
39911,1,0,1,98,2,20,0
39327,2,67,8,30,0,58,16
43042,3,97,6,4,2,33,15
55891,2,39,2,89,1,47,25
25221,2,9,1,34,2,34,7
33940,3,2,6,75,1,59,15
23302,5,3,3,21,3,50,13
66427,1,122,1,55,6,41,13
31298,1,1,8,82,0,64,11
34830,0,1,1,82,3,23,2
28147,1,1,2,66,5,42,1
45160,1,31,3,83,4,63,10
39210,2,14,2,76,0,29,7
26818,6,9,2,18,1,53,16
15762,3,10,8,10,1,36,13
19720,1,1,1,33,5,21,1
21857,2,33,16,24,1,45,21
34436,2,15,2,65,0,52,6
36188,0,9,11,93,7,54,15
18136,2,6,2,15,4,56,8
13991,3,6,1,0,0,45,3
38480,3,0,1,89,1,21,0
41293,1,17,7,73,3,60,32
42968,2,22,3,65,0,56,31
23454,5,2,2,38,2,21,1
38903,7,6,3,62,0,57,20
41869,4,0,2,95,3,22,3
21576,6,0,14,28,0,61,30
40845,3,8,8,78,0,52,30
36973,6,1,4,82,1,42,4
33971,3,5,12,87,4,48,15
16224,2,0,1,22,1,18,0
10653,0,1,3,8,1,22,4
35573,0,28,7,68,3,54,14
36177,0,0,2,95,2,41,2
27310,1,3,4,57,0,38,6
27603,2,5,2,50,2,29,9
37494,5,1,1,75,1,36,5
23705,4,10,1,27,4,49,3
42814,3,8,4,94,4,39,16
20092,1,1,1,34,1,28,3
31790,3,4,1,64,6,24,1
17937,2,2,7,22,0,38,18
11251,2,6,5,4,0,26,5
40200,3,0,1,92,1,21,2
28823,0,19,1,49,1,24,3
34734,4,22,8,57,2,53,19
17633,1,2,2,17,2,31,11
55149,6,34,3,87,2,49,18
26096,2,0,2,46,1,31,7
28436,1,0,2,67,0,34,3
36498,1,4,2,87,2,55,6
37240,0,0,2,92,2,55,2
58379,4,82,1,63,5,63,11
45583,1,17,4,94,0,40,15
36806,0,2,1,90,0,34,1
29753,2,3,10,54,4,53,29
27365,1,0,1,61,2,24,0
31746,0,2,7,68,0,50,27
22136,4,10,2,22,3,54,4
18493,5,7,1,10,2,58,2
36743,0,1,1,94,2,34,2
42604,1,33,2,66,2,43,12
19135,2,2,1,25,7,33,4
25131,2,0,1,50,1,27,1
38147,0,4,9,88,1,64,27
16635,0,8,17,24,7,58,37
39326,2,15,6,85,1,37,13
67578,0,112,5,64,2,51,24
38765,4,18,1,64,0,30,9
27499,0,12,1,48,2,28,7
21643,4,3,3,30,3,24,5
25090,1,14,4,42,2,30,7
22389,0,40,15,26,1,41,18
38637,2,1,1,89,2,30,1
33160,1,10,3,59,6,58,19
30016,1,5,1,62,2,22,3
19371,6,2,2,18,0,33,1
14594,5,0,1,4,6,24,2
47880,1,41,2,72,2,50,21
30762,6,2,5,47,1,49,21
27851,5,1,1,47,1,30,2
15215,1,11,2,6,7,25,6
47380,3,47,3,70,3,40,13
34963,1,0,3,90,0,25,3
33496,2,0,1,81,1,19,0
38564,0,24,7,76,3,61,18
37950,0,8,2,87,3,28,3
42960,1,11,3,91,3,60,9
20719,0,3,3,40,1,28,4
37743,0,0,5,85,0,53,23
39590,4,0,1,87,4,21,2
37890,2,0,1,86,0,30,3
11878,5,7,15,7,1,41,20
22413,0,6,2,30,0,33,12
35506,1,0,2,77,0,32,12
29082,0,1,8,65,1,48,24
41351,3,31,9,81,1,30,11
31858,2,0,1,64,2,30,9
29064,1,20,2,29,1,53,18
23680,0,17,7,36,0,45,15
31829,5,41,4,3,1,53,29
15380,0,4,1,13,2,37,5
13826,3,2,18,26,4,49,26
16753,1,5,4,13,1,59,14
27506,7,11,2,26,0,61,5
27469,1,3,3,52,3,35,8
42206,4,11,1,87,4,20,1
38054,3,0,1,84,2,27,2
19639,5,0,1,23,3,23,0
26354,1,3,1,54,0,27,2
35389,0,45,3,35,0,56,16
16889,1,7,1,12,4,37,6
34346,1,0,1,82,1,23,0
19520,3,9,7,25,2,31,10
30490,1,1,2,67,4,63,4
12250,1,0,4,12,1,50,5
12862,0,0,2,16,2,32,1
46618,0,25,1,88,0,59,14
37945,1,0,1,89,2,50,1
30431,1,6,2,69,1,22,2
27297,5,1,11,64,3,30,11
37466,2,0,1,87,0,22,0
22110,1,4,3,27,0,45,15
22902,1,1,3,41,1,41,10
25860,6,2,1,33,1,29,8
25150,2,28,4,19,1,29,9
32582,3,3,1,67,2,54,3
14276,1,1,1,14,0,40,1
10399,0,10,6,3,6,38,7
50444,1,46,4,97,2,35,4
23073,1,14,8,42,1,55,10
111130,0,259,3,78,0,56,20
25502,3,0,6,47,2,44,13
12624,0,1,6,14,1,35,12
79791,0,143,3,61,4,48,30
34063,4,0,1,59,2,57,11
26571,5,2,1,43,3,22,1
36591,1,3,1,68,5,43,20
37301,0,0,1,95,3,52,1
31158,1,7,10,70,2,57,17
41276,1,39,1,52,6,64,11
28489,4,1,1,55,3,29,2
43847,4,61,4,34,4,46,20
23631,1,15,3,33,0,24,5
35666,1,72,4,8,0,64,14
39716,6,19,4,42,1,50,30
39317,0,11,7,95,2,40,12
21447,1,12,1,26,1,40,1
20113,2,0,1,33,3,36,1
69039,2,112,2,73,1,43,18
39270,3,39,11,70,2,30,11
16757,0,12,2,5,1,36,13
28850,0,11,1,22,1,57,37
31865,2,1,1,71,2,41,1
43942,0,65,1,34,0,56,16
25396,0,3,1,49,6,44,2
33038,6,0,1,63,1,22,2
40539,2,2,3,95,3,65,12
26373,6,2,2,23,4,47,21
37069,4,5,6,70,2,44,21
28569,1,3,1,62,1,43,1
37088,2,1,1,88,1,23,3
43382,5,0,1,96,2,48,0
54976,6,36,4,90,0,43,20
32447,5,25,2,32,4,43,14
16975,3,10,2,2,3,41,11
39188,4,2,3,92,2,25,5
45421,2,2,1,99,3,58,20
20907,0,2,2,40,2,62,2
40526,1,11,6,91,2,38,11
19277,3,0,1,23,4,35,3
28373,5,1,2,49,2,30,3
38494,0,0,2,95,4,34,10
31758,0,1,6,75,1,40,13
19219,2,4,5,30,5,41,8
14458,1,13,2,5,3,32,3
20517,0,0,1,40,2,35,0
37565,2,1,1,91,6,24,1
34386,2,0,1,84,7,20,0
19231,1,1,3,14,2,48,21
46872,2,29,2,77,0,38,16
20045,2,2,3,35,2,28,3
49744,1,109,12,25,7,65,23
17635,0,0,3,33,3,41,4
48273,1,36,2,85,0,46,9
30840,1,14,3,57,0,22,4
35916,4,8,2,65,2,57,10
18549,0,0,11,44,3,58,16
23934,2,3,11,50,2,52,17
31862,1,0,1,75,2,34,0
38721,4,0,2,83,2,48,6
28006,6,5,2,47,3,26,1
40328,2,2,2,91,3,38,5
37418,4,0,2,85,2,29,5
19430,0,1,4,30,3,46,14
35734,1,2,2,78,4,30,7
18374,5,0,1,19,1,19,1
37598,6,1,1,76,0,21,1
38388,1,38,3,28,1,60,37
24221,4,2,6,41,3,44,11
24689,0,0,1,51,2,57,0
40132,1,11,2,80,1,41,15
14916,0,6,2,16,0,20,2
12697,5,3,8,2,1,45,12
23418,0,2,1,43,2,27,4
43346,5,7,2,89,1,27,4
37153,0,4,3,76,2,59,22
24903,1,4,5,45,3,59,11
26518,3,2,2,36,2,45,18
39878,1,33,2,30,0,55,36
30821,7,8,12,63,1,52,15
31930,2,1,1,70,2,56,1
34447,2,2,2,51,1,52,27
54800,5,46,1,76,1,39,12
91609,3,248,13,28,0,54,30
42215,1,49,1,48,0,51,11
35972,2,2,2,81,2,37,5
39819,6,9,1,76,1,26,5
137314,2,276,1,98,3,51,30
38024,5,0,2,76,0,40,14
10633,1,0,1,2,1,60,1
37383,3,29,4,62,1,27,5
65636,1,162,3,18,6,54,15
24668,5,15,5,28,1,45,7
25494,1,17,2,29,6,49,9
29095,1,0,1,67,4,19,1
27316,0,0,1,60,0,28,1
27961,2,4,1,52,1,39,2
37393,0,15,5,89,3,62,6
17317,0,1,3,22,1,34,13
41366,3,14,4,87,3,42,7
22043,5,4,2,18,2,31,12
29292,1,1,2,51,0,42,14
36325,0,28,2,49,4,47,14
14200,3,0,1,7,0,42,2
16594,5,0,1,14,0,19,0
20952,1,3,2,24,1,40,14
17343,1,0,2,26,0,44,2
11968,3,2,22,30,2,46,26
29618,1,9,2,55,5,37,8
11879,2,0,1,6,1,21,0
54590,6,72,2,40,4,57,32
10865,0,0,2,11,1,19,1
17177,3,0,1,21,4,18,0
20078,0,11,10,23,3,60,26
37226,3,12,7,87,3,29,7
25671,0,0,2,56,2,35,3
21217,1,0,2,39,1,20,2
17089,5,6,12,5,0,51,32
15430,1,12,3,5,4,37,8
10508,0,2,2,1,3,26,7
26225,0,2,3,52,2,41,8
34611,0,11,3,66,4,36,17
21643,2,3,1,23,1,33,14
36277,3,3,13,81,0,56,27
33134,0,2,1,65,7,32,13
31230,6,1,6,68,6,36,6
39505,1,91,10,16,1,44,20
34623,1,43,6,24,1,56,33
19827,0,4,1,22,1,42,10
35744,1,0,2,93,7,25,3
14709,2,0,3,16,4,51,3
40923,3,2,1,57,3,65,38
27231,1,1,3,46,2,38,15
59315,2,138,2,1,0,44,19
77004,3,159,8,45,4,56,25
18207,2,15,3,11,0,25,6
17596,2,0,1,15,3,39,9
28430,3,26,23,49,1,62,42
23766,1,1,1,46,1,24,3
39828,4,1,2,93,0,45,4
18607,6,8,4,0,1,41,17
58966,4,49,1,99,1,47,15
22707,3,14,4,27,4,58,5
32508,2,1,1,67,2,25,3
23026,1,16,19,39,0,58,39
58213,1,63,3,73,2,60,38
28066,1,13,1,25,2,49,22
21372,4,3,5,5,1,65,32
30344,1,6,2,56,3,32,8
39366,5,12,2,42,1,56,34
35328,3,2,6,81,0,40,8
42503,5,0,1,96,3,19,0
36193,2,56,3,24,1,34,15
19248,1,2,3,11,1,48,23
36167,3,56,17,48,4,50,23
18057,1,7,4,11,3,45,20
36654,1,7,2,79,3,24,6
21155,1,0,9,47,1,35,16
44256,7,23,10,71,3,53,25
16145,2,6,5,6,4,41,19
33425,4,5,1,62,4,21,2
42158,3,50,13,54,0,63,27
33504,2,72,8,8,4,57,18
14108,1,9,3,5,5,40,7
37408,3,0,1,79,2,56,7
13789,1,1,2,13,0,30,3
42171,3,9,2,92,0,27,2
25010,1,9,1,41,1,24,1
32733,4,3,1,60,1,23,5
22813,2,3,2,35,2,34,5
15035,0,2,7,23,2,36,13
23916,0,0,1,53,2,22,1
34364,4,0,3,80,6,22,3
27041,0,13,3,31,3,48,21
20084,2,3,2,24,0,36,7
25522,2,0,3,45,1,36,10
13236,0,0,1,15,2,25,1
32509,2,6,5,66,1,42,10
21709,0,2,5,36,1,47,16
19368,1,1,2,27,4,34,10
34096,1,2,1,79,6,50,1
40979,2,10,3,91,6,32,4
49453,4,25,9,95,3,48,20
30585,0,0,4,77,4,28,7
47566,2,116,5,4,1,39,17
18436,1,9,2,16,1,29,9
28913,4,1,1,53,1,51,4
27374,0,0,1,62,6,52,0
41304,1,27,9,63,1,63,32
37232,0,1,5,98,5,59,5
41590,5,0,2,96,5,65,2
32365,1,1,6,76,1,38,13
27879,2,8,1,47,0,20,2
25464,3,1,29,82,1,64,40
23049,1,1,1,45,1,21,1
10407,1,0,10,16,0,35,12
28567,1,0,1,65,1,50,1
16228,2,4,2,13,6,54,4
16436,3,1,2,5,1,56,12
17108,0,1,2,22,0,49,7
14861,2,10,10,6,2,46,23
44615,0,6,1,75,0,57,38
32713,6,0,13,53,2,64,44
49649,0,43,3,77,1,62,22
28172,0,0,1,66,6,20,1
18207,0,1,1,33,0,21,1
20871,2,10,5,29,1,28,9
42778,0,9,1,88,1,42,13
21828,3,0,1,36,5,19,0
17352,2,0,1,16,2,38,7
38559,2,22,5,75,1,34,5
30970,0,1,5,78,1,40,8
19413,1,0,3,32,0,38,5
26569,1,4,1,48,3,36,7
32833,2,0,1,67,0,41,6
28866,2,1,7,63,1,48,11
36549,2,2,3,85,2,63,9
44641,3,0,3,86,1,56,35
43768,1,3,1,88,5,60,23
36831,0,1,3,57,0,57,38
16659,1,0,1,18,5,30,7
46132,1,40,5,80,0,49,18
26528,3,2,3,49,0,33,8
15019,2,13,14,21,2,48,16
40911,6,47,1,34,3,47,12
41903,2,33,19,87,0,55,32
20478,3,0,10,43,3,33,14
11903,1,0,1,8,1,45,0
18677,2,0,4,24,1,38,12
22900,2,1,7,42,2,38,15
25387,2,0,2,51,5,30,2
37660,1,0,7,99,1,52,7
36444,3,21,2,58,4,51,11
50432,1,50,5,82,1,38,19
27892,4,4,2,46,3,36,3
37663,0,16,1,69,0,43,11
25403,0,0,1,55,0,27,0
18713,1,14,3,15,2,45,9
34824,0,0,2,82,1,30,8
19562,1,0,2,20,1,40,17
21562,5,10,2,17,1,38,5
15133,0,1,1,21,4,21,1
19869,2,1,2,30,0,21,3
22835,1,12,6,33,0,44,15
24121,4,0,1,40,0,20,0
17836,0,0,1,31,0,42,0
18814,1,2,4,30,2,41,6
12840,4,0,2,3,1,26,3
24629,3,3,2,15,1,60,26
15864,3,10,17,17,3,50,32
26224,0,1,4,55,0,33,13
25140,1,27,22,59,1,54,24
38780,4,5,1,83,2,63,4
30453,1,0,1,68,3,20,2
39312,1,0,2,95,2,26,6
37030,7,1,1,63,0,41,10
41416,1,6,3,94,3,37,17
41963,2,2,1,99,4,22,4
18837,2,0,1,26,0,22,2
8424,0,12,24,11,1,62,37
25024,0,0,1,55,1,22,1
42779,7,14,3,79,0,30,12
28882,1,0,2,61,1,48,4
21454,2,10,1,23,1,41,5
25407,1,0,1,50,3,32,3
39673,1,9,9,95,0,48,20
16121,1,11,6,1,3,50,22
21385,6,15,3,9,0,60,5
28082,0,1,2,59,0,27,7
28785,2,8,6,36,0,50,28
45252,1,32,14,99,1,58,23
9591,0,2,1,1,1,31,1
41655,2,1,2,87,1,40,21
32039,4,0,6,67,5,48,10
35850,0,33,2,51,0,40,6
26213,7,5,1,23,2,36,10
27944,1,32,5,33,4,43,8
39816,1,16,2,84,4,20,2
39769,1,4,1,89,1,28,7
25263,5,21,5,16,0,59,12
52952,2,21,6,97,2,63,40
37827,3,2,2,87,1,25,5
48849,6,8,5,98,3,52,26
40483,1,6,2,88,3,29,9
13223,0,4,1,12,1,32,1
38611,0,0,1,98,3,50,1
14716,3,5,1,4,1,23,4
47551,4,58,5,46,1,48,27
40108,1,54,5,49,3,34,12
36432,5,1,2,76,3,42,6
22554,4,4,1,26,4,55,3
26917,4,1,2,48,0,36,4
14929,1,12,1,6,0,22,2
38258,1,18,8,83,0,61,10
17141,0,6,6,26,2,35,9
31939,3,23,2,32,3,37,19
18696,1,0,1,29,3,28,2
44305,7,0,1,85,4,45,8
20824,1,16,1,19,0,44,2
12378,3,0,1,4,1,30,0
17273,1,11,2,4,2,63,12
48051,2,19,5,96,0,50,26
12878,1,0,1,13,1,19,0
19112,2,1,2,32,0,20,1
35970,0,0,3,85,1,35,10
36206,3,7,2,72,1,30,4
20327,0,2,5,39,4,58,8
34736,0,4,2,83,1,33,1
10407,1,0,3,2,2,30,7
36994,1,0,3,93,0,37,5
28263,1,3,5,63,2,43,5
37127,0,34,1,45,2,56,12
39683,7,10,2,77,0,47,2
19456,1,0,14,48,5,42,20
37519,0,0,1,95,3,19,0
24367,0,3,17,56,1,63,33
41566,0,19,2,78,0,54,14
38454,1,47,14,44,2,62,40
53234,1,64,15,77,1,64,42
16275,0,2,2,19,1,35,8
135725,4,313,11,93,0,52,28
32402,0,6,3,66,0,44,15
37550,2,14,4,54,0,63,28
23152,2,0,2,39,0,41,6
50265,1,11,2,98,3,56,29
22923,1,1,1,44,6,27,3
20375,1,0,1,31,2,57,4
26808,1,0,1,61,2,23,1
40346,0,0,3,89,1,43,20
22871,0,7,1,36,1,32,4
18908,1,11,1,19,1,21,2
33881,3,1,2,51,1,48,23
30129,3,19,17,68,3,49,21
34733,2,5,2,71,2,53,12
24057,5,2,2,5,0,49,30
37623,7,0,1,69,4,62,3
51001,1,35,2,83,1,58,22
37489,2,0,2,94,0,37,2
65033,3,84,8,92,5,57,30
42522,0,29,2,68,6,45,21
22224,4,17,2,12,7,47,9
26132,3,12,3,28,2,44,13
20082,2,20,13,24,0,51,19
40415,0,15,4,96,2,46,8
47820,0,63,3,58,2,34,14
46202,0,17,2,92,1,40,14
38378,2,7,1,87,1,27,4
42760,4,4,2,84,2,43,22
37987,1,30,1,38,0,64,24
10750,0,2,12,11,1,62,23
19942,3,0,1,27,2,29,2
17659,2,1,12,28,1,59,25
39664,0,12,2,93,2,58,6
37197,1,3,5,86,3,31,13
33780,1,89,18,9,0,58,31
13974,3,1,2,0,6,41,11
48020,4,6,8,96,1,58,39
30257,1,0,1,68,0,31,2
33861,3,9,2,69,1,23,2
30422,1,2,1,65,2,41,4
41190,2,61,9,38,0,44,26
34629,1,5,9,83,3,47,16
26181,3,46,4,0,0,42,10
26779,0,11,1,20,3,50,28
12779,0,0,1,15,4,20,1
42525,1,43,8,50,1,57,30
15664,5,1,1,8,1,20,1
21090,1,1,3,26,4,64,15
24629,0,0,4,58,6,31,3
37395,0,4,2,75,0,37,16
24828,3,0,8,40,2,50,26
39283,2,41,3,47,1,42,16
41318,6,23,2,61,2,26,7
25602,5,23,11,26,5,40,19
36743,2,1,1,88,1,39,1
45287,6,0,1,93,1,36,9
39308,1,12,2,82,6,40,7
16776,2,0,1,19,1,63,1
28913,3,0,1,60,1,29,0
24164,6,3,9,36,2,63,14
29308,2,4,2,49,5,42,13
22405,4,0,2,19,5,43,19
34440,7,18,5,44,0,56,12
49134,5,0,1,73,0,60,40
39219,5,2,2,91,1,44,2
14061,0,1,1,16,0,20,2
